Workbook

Sheet Countries
C4: Group | F4: Rd of 16 | G4: Qtrs | H4: Semis | K4: Finals | M4: Games
B6: Spain | C6: 3 | D6: -400 | E6: =IF(D6>0,(100/(D6+100)),-D6/(100-D6)) -> 0.8 | F6: =1*E6 -> 0.8 | G6: =F6-(F6-K6)/3 -> 0.6375 | H6: =G6-((F6-K6)/3) -> 0.475 | I6: 220 | J6: =IF(I6>0,(100/(I6+100)),-I6/(100-I6)) -> 0.3125 | K6: =1*J6 -> 0.3125 | M6: =C6+F6+G6+H6+K6 -> 5.225
B7: England | C7: 3 | D7: -280 | E7: =IF(D7>0,(100/(D7+100)),-D7/(100-D7)) -> 0.73684211 | F7: =1*E7 -> 0.73684211 | G7: =F7-(F7-K7)/3 -> 0.5745614 | H7: =G7-((F7-K7)/3) -> 0.4122807 | I7: 300 | J7: =IF(I7>0,(100/(I7+100)),-I7/(100-I7)) -> 0.25 | K7: =1*J7 -> 0.25 | M7: =C7+F7+G7+H7+K7 -> 4.9736842
B8: Brazil | C8: 3 | D8: -350 | E8: =IF(D8>0,(100/(D8+100)),-D8/(100-D8)) -> 0.77777778 | F8: =1*E8 -> 0.77777778 | G8: =F8-(F8-K8)/3 -> 0.58518519 | H8: =G8-((F8-K8)/3) -> 0.39259259 | I8: 400 | J8: =IF(I8>0,(100/(I8+100)),-I8/(100-I8)) -> 0.2 | K8: =1*J8 -> 0.2 | M8: =C8+F8+G8+H8+K8 -> 4.9555556
B9: France | C9: 3 | D9: -215 | E9: =IF(D9>0,(100/(D9+100)),-D9/(100-D9)) -> 0.68253968 | F9: =1*E9 -> 0.68253968 | G9: =F9-(F9-K9)/3 -> 0.53835979 | H9: =G9-((F9-K9)/3) -> 0.39417989 | I9: 300 | J9: =IF(I9>0,(100/(I9+100)),-I9/(100-I9)) -> 0.25 | K9: =1*J9 -> 0.25 | M9: =C9+F9+G9+H9+K9 -> 4.8650794
B10: Argentina | C10: 3 | D10: -265 | E10: =IF(D10>0,(100/(D10+100)),-D10/(100-D10)) -> 0.7260274 | F10: =1*E10 -> 0.7260274 | G10: =F10-(F10-K10)/3 -> 0.54751033 | H10: =G10-((F10-K10)/3) -> 0.36899326 | I10: 425 | J10: =IF(I10>0,(100/(I10+100)),-I10/(100-I10)) -> 0.19047619 | K10: =1*J10 -> 0.19047619 | M10: =C10+F10+G10+H10+K10 -> 4.8330072
B11: Germany | C11: 3 | D11: -250 | E11: =IF(D11>0,(100/(D11+100)),-D11/(100-D11)) -> 0.71428571 | F11: =1*E11 -> 0.71428571 | G11: =F11-(F11-K11)/3 -> 0.52747253 | H11: =G11-((F11-K11)/3) -> 0.34065934 | I11: 550 | J11: =IF(I11>0,(100/(I11+100)),-I11/(100-I11)) -> 0.15384615 | K11: =1*J11 -> 0.15384615 | M11: =C11+F11+G11+H11+K11 -> 4.7362637
B12: Portugal | C12: 3 | D12: -215 | E12: =IF(D12>0,(100/(D12+100)),-D12/(100-D12)) -> 0.68253968 | F12: =1*E12 -> 0.68253968 | G12: =F12-(F12-K12)/3 -> 0.51058201 | H12: =G12-((F12-K12)/3) -> 0.33862434 | I12: 500 | J12: =IF(I12>0,(100/(I12+100)),-I12/(100-I12)) -> 0.16666667 | K12: =1*J12 -> 0.16666667 | M12: =C12+F12+G12+H12+K12 -> 4.6984127
B13: Belgium | C13: 3 | D13: -220 | E13: =IF(D13>0,(100/(D13+100)),-D13/(100-D13)) -> 0.6875 | F13: =1*E13 -> 0.6875 | G13: =F13-(F13-K13)/3 -> 0.48397436 | H13: =G13-((F13-K13)/3) -> 0.28044872 | I13: 1200 | J13: =IF(I13>0,(100/(I13+100)),-I13/(100-I13)) -> 0.076923077 | K13: =1*J13 -> 0.076923077 | M13: =C13+F13+G13+H13+K13 -> 4.5288462
B14: Netherlands | C14: 3 | D14: -125 | E14: =IF(D14>0,(100/(D14+100)),-D14/(100-D14)) -> 0.55555556 | F14: =1*E14 -> 0.55555556 | G14: =F14-(F14-K14)/3 -> 0.4037037 | H14: =G14-((F14-K14)/3) -> 0.25185185 | I14: 900 | J14: =IF(I14>0,(100/(I14+100)),-I14/(100-I14)) -> 0.1 | K14: =1*J14 -> 0.1 | M14: =C14+F14+G14+H14+K14 -> 4.3111111
B15: Switzerland | C15: 3 | D15: -125 | E15: =IF(D15>0,(100/(D15+100)),-D15/(100-D15)) -> 0.55555556 | F15: =1*E15 -> 0.55555556 | G15: =F15-(F15-K15)/3 -> 0.38791423 | H15: =G15-((F15-K15)/3) -> 0.2202729 | I15: 1800 | J15: =IF(I15>0,(100/(I15+100)),-I15/(100-I15)) -> 0.052631579 | K15: =1*J15 -> 0.052631579 | M15: =C15+F15+G15+H15+K15 -> 4.2163743
B16: Mexico | C16: 3 | D16: -110 | E16: =IF(D16>0,(100/(D16+100)),-D16/(100-D16)) -> 0.52380952 | F16: =1*E16 -> 0.52380952 | G16: =F16-(F16-K16)/3 -> 0.36202686 | H16: =G16-((F16-K16)/3) -> 0.2002442 | I16: 2500 | J16: =IF(I16>0,(100/(I16+100)),-I16/(100-I16)) -> 0.038461538 | K16: =1*J16 -> 0.038461538 | M16: =C16+F16+G16+H16+K16 -> 4.1245421
B17: USA | C17: 3 | D17: 140 | E17: =IF(D17>0,(100/(D17+100)),-D17/(100-D17)) -> 0.41666667 | F17: =1*E17 -> 0.41666667 | G17: =F17-(F17-K17)/3 -> 0.29532164 | H17: =G17-((F17-K17)/3) -> 0.17397661 | I17: 1800 | J17: =IF(I17>0,(100/(I17+100)),-I17/(100-I17)) -> 0.052631579 | K17: =1*J17 -> 0.052631579 | M17: =C17+F17+G17+H17+K17 -> 3.9385965
... B53: Haiti | C53: 3 | D53: 12000 | E53: =IF(D53>0,(100/(D53+100)),-D53/(100-D53)) -> 0.0082644628 | F53: =1*E53 -> 0.0082644628 | G53: =F53-(F53-K53)/3 -> 0.0061749779 | H53: =G53-((F53-K53)/3) -> 0.0040854929 | I53: 50000 | J53: =IF(I53>0,(100/(I53+100)),-I53/(100-I53)) -> 0.001996008 | K53: =1*J53 -> 0.001996008 | M53: =C53+F53+G53+H53+K53 -> 3.0205209

Sheet Scorers
E4: Vs. | G4: 1 Goal | H4: 2 Goals | I4: 1 Goal | J4: 2 Goals | K4: Total Goals | L4: Games | M4: Goals
B6: =B5+1 -> 1 | C6: Raul Jimenez | D6: Mexico | E6: South Africa | F6: 1.5 | G6: 145 | H6: 850 | I6: =IF(G6>0,100/(G6+100),-G6/(100-G6)) -> 0.40816327 | J6: =IF(H6>0,100/(H6+100),-H6/(100-H6)) -> 0.10526316 | K6: =I6+J6 -> 0.51342642 | L6: =VLOOKUP($D6,Countries!$B$6:$M$72,12,FALSE) -> 4.1245421 | M6: =L6*K6 -> 2.1176489
B7: =B6+1 -> 2 | C7: Armando Gonzalez | D7: Mexico | E7: South Africa | F7: 1.5 | G7: 155 | H7: 900 | I7: =IF(G7>0,100/(G7+100),-G7/(100-G7)) -> 0.39215686 | J7: =IF(H7>0,100/(H7+100),-H7/(100-H7)) -> 0.1 | K7: =I7+J7 -> 0.49215686 | L7: =VLOOKUP($D7,Countries!$B$6:$M$72,12,FALSE) -> 4.1245421 | M7: =L7*K7 -> 2.0299217
B8: =B7+1 -> 3 | C8: Guillermo Martinez | D8: Mexico | E8: South Africa | F8: 1.5 | G8: 155 | H8: 900 | I8: =IF(G8>0,100/(G8+100),-G8/(100-G8)) -> 0.39215686 | J8: =IF(H8>0,100/(H8+100),-H8/(100-H8)) -> 0.1 | K8: =I8+J8 -> 0.49215686 | L8: =VLOOKUP($D8,Countries!$B$6:$M$72,12,FALSE) -> 4.1245421 | M8: =L8*K8 -> 2.0299217
B9: =B8+1 -> 4 | C9: Santiago Gimenez | D9: Mexico | E9: South Africa | F9: 1.5 | G9: 155 | H9: 900 | I9: =IF(G9>0,100/(G9+100),-G9/(100-G9)) -> 0.39215686 | J9: =IF(H9>0,100/(H9+100),-H9/(100-H9)) -> 0.1 | K9: =I9+J9 -> 0.49215686 | L9: =VLOOKUP($D9,Countries!$B$6:$M$72,12,FALSE) -> 4.1245421 | M9: =L9*K9 -> 2.0299217
B10: =B9+1 -> 5 | C10: Julian Quinones | D10: Mexico | E10: South Africa | F10: 1.5 | G10: 205 | H10: 1300 | I10: =IF(G10>0,100/(G10+100),-G10/(100-G10)) -> 0.32786885 | J10: =IF(H10>0,100/(H10+100),-H10/(100-H10)) -> 0.071428571 | K10: =I10+J10 -> 0.39929742 | L10: =VLOOKUP($D10,Countries!$B$6:$M$72,12,FALSE) -> 4.1245421 | M10: =L10*K10 -> 1.646919
B11: =B10+1 -> 6 | C11: Heung Min Son | D11: South Korea | E11: Czech Republic | F11: 1 | G11: 245 | H11: 1700 | I11: =IF(G11>0,100/(G11+100),-G11/(100-G11)) -> 0.28985507 | J11: =IF(H11>0,100/(H11+100),-H11/(100-H11)) -> 0.055555556 | K11: =I11+J11 -> 0.34541063 | L11: =VLOOKUP($D11,Countries!$B$6:$M$72,12,FALSE) -> 3.4747475 | M11: =L11*K11 -> 1.2002147
B12: =B11+1 -> 7 | C12: Patrik Schick | D12: Czech Republic | E12: South Korea | F12: 1 | G12: 230 | H12: 1600 | I12: =IF(G12>0,100/(G12+100),-G12/(100-G12)) -> 0.3030303 | J12: =IF(H12>0,100/(H12+100),-H12/(100-H12)) -> 0.058823529 | K12: =I12+J12 -> 0.36185383 | L12: =VLOOKUP($D12,Countries!$B$6:$M$72,12,FALSE) -> 3.4750665 | M12: =L12*K12 -> 1.2574661
B13: =B12+1 -> 8 | C13: Jonathan David | D13: Canada | E13: Bosnia | F13: 1.5 | G13: 180 | H13: 1100 | I13: =IF(G13>0,100/(G13+100),-G13/(100-G13)) -> 0.35714286 | J13: =IF(H13>0,100/(H13+100),-H13/(100-H13)) -> 0.083333333 | K13: =I13+J13 -> 0.44047619 | L13: =VLOOKUP($D13,Countries!$B$6:$M$72,12,FALSE) -> 3.7154472 | M13: =L13*K13 -> 1.636566
B14: =B13+1 -> 9 | C14: Christian Pulisic | D14: USA | E14: Paraguay | F14: 1.5 | G14: 230 | H14: 1600 | I14: =IF(G14>0,100/(G14+100),-G14/(100-G14)) -> 0.3030303 | J14: =IF(H14>0,100/(H14+100),-H14/(100-H14)) -> 0.058823529 | K14: =I14+J14 -> 0.36185383 | L14: =VLOOKUP($D14,Countries!$B$6:$M$72,12,FALSE) -> 3.9385965 | M14: =L14*K14 -> 1.4251962
B15: =B14+1 -> 10 | C15: Folarin Balogun | D15: USA | E15: Paraguay | F15: 1.5 | G15: 215 | H15: 1500 | I15: =IF(G15>0,100/(G15+100),-G15/(100-G15)) -> 0.31746032 | J15: =IF(H15>0,100/(H15+100),-H15/(100-H15)) -> 0.0625 | K15: =I15+J15 -> 0.37996032 | L15: =VLOOKUP($D15,Countries!$B$6:$M$72,12,FALSE) -> 3.9385965 | M15: =L15*K15 -> 1.4965104
B16: =B15+1 -> 11 | C16: Ricardo Pepi | D16: USA | E16: Paraguay | F16: 1.5 | G16: 230 | H16: 1600 | I16: =IF(G16>0,100/(G16+100),-G16/(100-G16)) -> 0.3030303 | J16: =IF(H16>0,100/(H16+100),-H16/(100-H16)) -> 0.058823529 | K16: =I16+J16 -> 0.36185383 | L16: =VLOOKUP($D16,Countries!$B$6:$M$72,12,FALSE) -> 3.9385965 | M16: =L16*K16 -> 1.4251962
B17: =B16+1 -> 12 | C17: Haji Wright | D17: USA | E17: Paraguay | F17: 1.5 | G17: 250 | H17: 1800 | I17: =IF(G17>0,100/(G17+100),-G17/(100-G17)) -> 0.28571429 | J17: =IF(H17>0,100/(H17+100),-H17/(100-H17)) -> 0.052631579 | K17: =I17+J17 -> 0.33834586 | L17: =VLOOKUP($D17,Countries!$B$6:$M$72,12,FALSE) -> 3.9385965 | M17: =L17*K17 -> 1.3326078
B18: =B17+1 -> 13 | C18: Breel-Donald Embolo | D18: Switzerland | G18: -105 | H18: 500 | I18: =IF(G18>0,100/(G18+100),-G18/(100-G18)) -> 0.51219512 | J18: =IF(H18>0,100/(H18+100),-H18/(100-H18)) -> 0.16666667 | K18: =I18+J18 -> 0.67886179 | L18: =VLOOKUP($D18,Countries!$B$6:$M$72,12,FALSE) -> 4.2163743 | M18: =L18*K18 -> 2.8623354
B19: =B18+1 -> 14 | C19: Cedric Itten | D19: Switzerland | G19: 115 | H19: 600 | I19: =IF(G19>0,100/(G19+100),-G19/(100-G19)) -> 0.46511628 | J19: =IF(H19>0,100/(H19+100),-H19/(100-H19)) -> 0.14285714 | K19: =I19+J19 -> 0.60797342 | L19: =VLOOKUP($D19,Countries!$B$6:$M$72,12,FALSE) -> 4.2163743 | M19: =L19*K19 -> 2.5634435
B20: =B19+1 -> 15 | C20: Zeki Amdouni | D20: Switzerland | G20: 125 | H20: 700 | I20: =IF(G20>0,100/(G20+100),-G20/(100-G20)) -> 0.44444444 | J20: =IF(H20>0,100/(H20+100),-H20/(100-H20)) -> 0.125 | K20: =I20+J20 -> 0.56944444 | L20: =VLOOKUP($D20,Countries!$B$6:$M$72,12,FALSE) -> 4.2163743 | M20: =L20*K20 -> 2.4009909
B21: =B20+1 -> 16 | C21: Neymar Junior | D21: Brazil | G21: 205 | H21: 1300 | I21: =IF(G21>0,100/(G21+100),-G21/(100-G21)) -> 0.32786885 | J21: =IF(H21>0,100/(H21+100),-H21/(100-H21)) -> 0.071428571 | K21: =I21+J21 -> 0.39929742 | L21: =VLOOKUP($D21,Countries!$B$6:$M$72,12,FALSE) -> 4.9555556 | M21: =L21*K21 -> 1.9787406
B22: =B21+1 -> 17 | C22: Vinicius Junior | D22: Brazil | G22: 195 | H22: 1200 | I22: =IF(G22>0,100/(G22+100),-G22/(100-G22)) -> 0.33898305 | J22: =IF(H22>0,100/(H22+100),-H22/(100-H22)) -> 0.076923077 | K22: =I22+J22 -> 0.41590613 | L22: =VLOOKUP($D22,Countries!$B$6:$M$72,12,FALSE) -> 4.9555556 | M22: =L22*K22 -> 2.0610459
B23: =B22+1 -> 18 | C23: Endrick | D23: Brazil | G23: 215 | H23: 1400 | I23: =IF(G23>0,100/(G23+100),-G23/(100-G23)) -> 0.31746032 | J23: =IF(H23>0,100/(H23+100),-H23/(100-H23)) -> 0.066666667 | K23: =I23+J23 -> 0.38412698 | L23: =VLOOKUP($D23,Countries!$B$6:$M$72,12,FALSE) -> 4.9555556 | M23: =L23*K23 -> 1.9035626
B24: =B23+1 -> 19 | C24: Thiago | D24: Brazil | G24: 215 | H24: 1400 | I24: =IF(G24>0,100/(G24+100),-G24/(100-G24)) -> 0.31746032 | J24: =IF(H24>0,100/(H24+100),-H24/(100-H24)) -> 0.066666667 | K24: =I24+J24 -> 0.38412698 | L24: =VLOOKUP($D24,Countries!$B$6:$M$72,12,FALSE) -> 4.9555556 | M24: =L24*K24 -> 1.9035626
B25: =B24+1 -> 20 | C25: Raphinha | D25: Brazil | G25: 215 | H25: 1400 | I25: =IF(G25>0,100/(G25+100),-G25/(100-G25)) -> 0.31746032 | J25: =IF(H25>0,100/(H25+100),-H25/(100-H25)) -> 0.066666667 | K25: =I25+J25 -> 0.38412698 | L25: =VLOOKUP($D25,Countries!$B$6:$M$72,12,FALSE) -> 4.9555556 | M25: =L25*K25 -> 1.9035626
B26: =B25+1 -> 21 | C26: Matheus Cunha | D26: Brazil | G26: 245 | H26: 1700 | I26: =IF(G26>0,100/(G26+100),-G26/(100-G26)) -> 0.28985507 | J26: =IF(H26>0,100/(H26+100),-H26/(100-H26)) -> 0.055555556 | K26: =I26+J26 -> 0.34541063 | L26: =VLOOKUP($D26,Countries!$B$6:$M$72,12,FALSE) -> 4.9555556 | M26: =L26*K26 -> 1.7117016
B27: =B26+1 -> 22 | C27: da Silva | D27: Brazil | G27: 280 | H27: 2000 | I27: =IF(G27>0,100/(G27+100),-G27/(100-G27)) -> 0.26315789 | J27: =IF(H27>0,100/(H27+100),-H27/(100-H27)) -> 0.047619048 | K27: =I27+J27 -> 0.31077694 | L27: =VLOOKUP($D27,Countries!$B$6:$M$72,12,FALSE) -> 4.9555556 | M27: =L27*K27 -> 1.5400724
B28: =B27+1 -> 23 | C28: Martinelli | D28: Brazil | G28: 320 | H28: 2500 | I28: =IF(G28>0,100/(G28+100),-G28/(100-G28)) -> 0.23809524 | J28: =IF(H28>0,100/(H28+100),-H28/(100-H28)) -> 0.038461538 | K28: =I28+J28 -> 0.27655678 | L28: =VLOOKUP($D28,Countries!$B$6:$M$72,12,FALSE) -> 4.9555556 | M28: =L28*K28 -> 1.3704925
B29: =B28+1 -> 24 | C29: Paqueta | D29: Brazil | G29: 320 | H29: 2500 | I29: =IF(G29>0,100/(G29+100),-G29/(100-G29)) -> 0.23809524 | J29: =IF(H29>0,100/(H29+100),-H29/(100-H29)) -> 0.038461538 | K29: =I29+J29 -> 0.27655678 | L29: =VLOOKUP($D29,Countries!$B$6:$M$72,12,FALSE) -> 4.9555556 | M29: =L29*K29 -> 1.3704925
... B77: =B76+1 -> 72 | C77: Jose Lopez | D77: Argentina | G77: 180 | H77: 1100 | I77: =IF(G77>0,100/(G77+100),-G77/(100-G77)) -> 0.35714286 | J77: =IF(H77>0,100/(H77+100),-H77/(100-H77)) -> 0.083333333 | K77: =I77+J77 -> 0.44047619 | L77: =VLOOKUP($D77,Countries!$B$6:$M$72,12,FALSE) -> 4.8330072 | M77: =L77*K77 -> 2.1288246
C78: Harry Kane | D78: England | G78: 130 | H78: 700 | I78: =IF(G78>0,100/(G78+100),-G78/(100-G78)) -> 0.43478261 | J78: =IF(H78>0,100/(H78+100),-H78/(100-H78)) -> 0.125 | K78: =I78+J78 -> 0.55978261 | L78: =VLOOKUP($D78,Countries!$B$6:$M$72,12,FALSE) -> 4.9736842 | M78: =L78*K78 -> 2.7841819
C79: Ivan Toney | D79: England | G79: 175 | H79: 1000 | I79: =IF(G79>0,100/(G79+100),-G79/(100-G79)) -> 0.36363636 | J79: =IF(H79>0,100/(H79+100),-H79/(100-H79)) -> 0.090909091 | K79: =I79+J79 -> 0.45454545 | L79: =VLOOKUP($D79,Countries!$B$6:$M$72,12,FALSE) -> 4.9736842 | M79: =L79*K79 -> 2.2607656
C80: Ollie Watkins | D80: England | G80: 175 | H80: 1000 | I80: =IF(G80>0,100/(G80+100),-G80/(100-G80)) -> 0.36363636 | J80: =IF(H80>0,100/(H80+100),-H80/(100-H80)) -> 0.090909091 | K80: =I80+J80 -> 0.45454545 | L80: =VLOOKUP($D80,Countries!$B$6:$M$72,12,FALSE) -> 4.9736842 | M80: =L80*K80 -> 2.2607656
C81: Marcus Rashford | D81: England | G81: 295 | H81: 2200 | I81: =IF(G81>0,100/(G81+100),-G81/(100-G81)) -> 0.25316456 | J81: =IF(H81>0,100/(H81+100),-H81/(100-H81)) -> 0.043478261 | K81: =I81+J81 -> 0.29664282 | L81: =VLOOKUP($D81,Countries!$B$6:$M$72,12,FALSE) -> 4.9736842 | M81: =L81*K81 -> 1.4754077
C82: Anthony Gordon | D82: England
C83: Bukayo Saka | D83: England
C84: Morgan Rogers | D84: England
C85: Eberechi Eze | D85: England
C86: Jude Bellingham | D86: England
C87: Ante Budimir | D87: Croatia
C88: Antoine Semenyo | D88: Ghana
